begin	disturb	hard	touch	sixty	ah	Goggle	e	dong	seek
boil	pin	spoon	roll	diggery	rabbit	lay	frock	ticket	e
break	sweep	iffie	check	towel	frost	lift	broke	hi	knicks
change	raisin	grape	enough	pie	idea	Syrup	tight	happy_birthday	Mum
close	click	open	eye	bare	dance	quick	foot	six	sixty
dry	carry	bow	rat	ply	Goggle	sixty	queen	trip	raisin
kill	wolf	click	Jessie	sick	part	i	Pippin	Tommy_thumb	Worzel
lose	stick	Paul	its	ahhah	banana	towel	Louise	Missis_Robert	check
open	gate	close	shut	laugh	sardine	answer	Mister_fox	Poppy	steal
roll	pin	i	click	spoon	e	part	dong	snack	smack
stop	market	person	Pam	crocodile	sss	queen	barrier	hoop	dong
turn	noone	Missis_Robert	ssh	clip	knicks	Dan	round	May	ribbet
