break	sister	drop	build	stop	call	pat	spoil	scarf
burn	phone	warm	rest	umbrella	ouch	Jo	guard	pat
change	pram	ski	pocket	cold	penny	already	hook	blob
dry	piglet	Big_Ears	kite	moo	smoke	beard	pear	blob
finish	blob	choochoo	library	byebye	chicken	sweet	sandwich	Supernaturals
lose	bump	park	line	burn	building	click	Chef	upside
open	shut	crash	pat	stop	hug	curl	sandwich	push
roll	around	backwards	pedal	phone	rest	Jo	ouch	Kathy_Lewis
stop	Kathy_Lewis	sticker	trump	flower	upstairs	library	sandwich	choochoo
turn	fly	watch	whiz	horn	whoopsie	knob	pedal	Pingu
