break	Bethany	broke	should	Edward	or	m	Martin	sad	black
change	ask	Suzanne	Sue	fruit	boob	keep	fight	bear	catch
dry	keep	piggy	bow	rip	towel	blow	Kirsten	hot	pants
finish	piggy	orange	bath	roller	Declan	peek	boogie	control	word
freeze	sky	letter	pub	town	fridge	comfort	Saturday	nuddy	basket
lose	plane	r	memory	son	Josie	gown	drink	wash	drawing
open	door	already	sticker	bunny	counter	meow	mind	window	bucket
roll	Suzanne	hiya	tip	wear	excuse	pick	boob	throw	clay
stop	late	Tigger	clay	park	Axel	hide	aeroplane	reach	wear
turn	neck	clay	save	seat	Martin	scoop	wear	Chase	stir
