break	drum	c_d	cat	read	Richard	plaster	ring	all_gone
change	nappie	pound	merry	oy	ho	nobody	hiccup	seventeen
close	curtain	color	somebody	piano	Sally	Harry_happy_horse	malt	open
dry	finish	wash	aeroplane	Orkney	pond	reach	whisper	zebra
finish	clean	aeroplane	reach	dry	zebra	twist	cockadoodle	Orkney
kill	silent	whoosh	ply	pound	merry	row	ho	nappie
lose	pear	cry	rat	fridge	malt	guitar	stool	Orkney
open	somebody	sauce	badge	carry	read	Harry_happy_horse	pond	jammy
roll	bike	u	bassoon	fiddle	knickers	badge	bee	drum
stop	aeroplane	wolf	stone	carrot	rabbit	Chrissie	drawing	Richard
turn	sleep	peep	gentle	upside	stream	slip	fruit	shoulder
