break	drive	suck	half	piglet	po	goose	picnic	cold
change	enjoy	dingding	burp	along	chin	talcum	sticky	suck
close	fill	wind	sing	hear	stay	write	dunk	cover
dry	juggle	button	dunk	joke	run	fork	Jack	fifteen
fill	wake	hear	close	piglet	sing	end	babar	patter
finish	eensie	Jeff	castle	spider	count	button	Rory	tin
freeze	fridge	tin	mouth	hall	peep	kitchen	Jess_Cat	cover
lose	chin	lamb	carpet	helicopter	choc	Baa_baa_black_sheep	babar	track
open	sing	Cottontail	all_gone	Morag	tortoise	stamp	toilet	reach
roll	wind	suck	fill	wake	Matt	catch	Baa_baa_black_sheep	chin
stop	touch	Thomas	night	Tank	ma	chin	light	foot
teach	carpet	cloud	Thomas	river	crocodile	drum	Tank	horse
turn	never	peepo	fast	patter	oink	babar	turkey	prize
