boil	bowl	petrol	coal	oil	Mike	path	bin	slipper	tomorrow	fill
break	present	squash	mend	Duck	parrot	fraud	kitten	fill	Tank	down
change	daughter	Amy	Alexander	suck	plate	p	vacuum	Katy	Tank	hug
close	shut	open	thanks	Mike	hay	coat	beginning	passenger	bail	plum
dry	sun	pram	cool	whip	excuse	plum	oil	roundabout	angel	pip
fill	Mike	ease	hook	plum	stair	care	propel	hay	tray	difficult
finish	squeeze	da	snake	plum	work	Fireman_Sam	yuck	hospital	bail	Mike
lose	jacket	Mike	plum	oink	shed	rip	bun	Tank	parrot	saucer
open	shut	close	bin	yuck	roar	baabaa	Fat_Controller	ribbet	parrot	square
roll	Tank	kitten	pin	hiya	jacket	parrot	start	window	swim	bun
stop	roar	cheek	present	plum	ribbet	brush	work	hiya	Fat_Controller	ugh
turn	ease	wrong	Mike	oink	Isabel	present	Mum	trap	brown	baabaa
