break	wind	actual	screw	Mister_Spider	hiccup	ribena	tip	wrong	choo	mine	proper
change	job	ad	huge	misery	yep	smash	Daw	vroomming	honest	gentle	chick
close	squeeze	sledge	choo	Goose_Fair	shy	soap	ee_yay_ee_yay_oh	fire	soldier	Christmas_trees	traffic
dry	comb	Kings	Bethlehem	marry	yep	tomorrow	choo	neat	smash	sniffle	salad
finish	berry	bore	until	radio	ribena	yep	Humpty	actual	hiccup	should	problem
lose	found	drawing	mine	comfy	haha	pink	aye	bare	soup	until	cushion
open	press	Jesus	market	pass	shut	slam	excuse	comfy	away	Goose_Fair	dive
roll	hay	Kings	marry	soot	black	piglet	vroomming	vacuum	chase	question	wriggle
sink	tie	join	ball	machine	saucepan	dish	hoover	smash	shower	sick	fork
stop	ease	pie	latch	blow	proper	throw	traffic	mince	Mister_Spider	swish	spit
teach	nest	splish	pajama	shampoo	onto	splash	crayon	chimney	gown	haha	skip
turn	corner	swap	horrid	excuse	roundabout	curl	round	choo	tune	pass	oh_my_goodness
