boil	nineteen	umbrella	nut	o	jug	page	Dan	toilet	correct	blanket	dentist	mieow	h	zzz	drown	spanner	dump	teaspoon
break	crush	sad	thanks	grand	whoo	croak	dong	Sooty	slope	master	sick	motor	twittwoo	slide	slip	hickory_dickory_dock	honkhonk	agree
change	purse	porcupine	toilet	beak	Bernie_the_breakdown_truck	mieow	P_C_Selby	croak	toe	donut	sugar	neenaw	zzz	poster	P_C_Plod	medicine	traction	touch
close	eye	poster	magazine	hood	section	order	croak	twittwoo	shut	shovel	honkhonk	mieow	mail	mischief	reverse	dong	Paul	retreat
dry	spark	drag	section	Dundee	Newcastle	engine	rub	bare	examine	marry	plug	behave	rescue	thirst	dance	cuddle	tie	bury
fill	petrol	chop	Missis_Jones	wake	extension	wrap	master	load	broke	summer	angle	square	croak	winter	shovel	Dan	headlight	pump
finish	marry	Penny	Tigger	luck	ham	fight	nineteen	word	interesting	problem	travel	wash	sympathy	menagerie	Goggle	Missis_Jones	croak	stay
freeze	mieow	Peggy_Patch	toilet	knick	pillow	magazine	Henny_Penny	chute	cattle	croak	Why_Bird	mischief	chip	brave	Miss_Hubbard	Neddy_horse	circle	Dan_horse
lose	fruit	dragon	P_C_Selby	follow	cymbal	system	Why_Bird	Thompson_twins	agree	scratch	its	pantomime	zzz	swivel	balance	appear	Toytown	vehicle
open	magazine	shut	Goggle	close	Mister_mouse	tail	force	croak	Dundee	dinner	Miss_Hubbard	bicbics	honkhonk	Good_housekeeping	progress	mieow	ticket	mischief
roll	dong	Mister_silly	Dundee	ham	public	leak	across	path	depot	king	stir	mow	P_C_Selby	officer	Edward	fair	croak	flatten
stop	ham	sign	entrance	seaside	emergency	agree	safari	Newcastle	London	relief	Mickey	Thomas_the_Tank_Engine	workshop	quick	master	examine	hunt	freight
turn	wrap	sweep	plate	borrow	puncture	leak	balance	snatch	nose	mischief	shampoo	swivel	blanket	whoo	headlight	croak	slide	P_C_Selby
