break	safe	empty	grrr	Bo_bos	menace	tickle	night_night	lie	boing	hurt
burn	tongue	clear	hot	grrr	bless	Postman_Pat	toe	seven	blup	Bo_bos
change	pajamas	nappie	sneeze	knickers	mind	lick	clothes	dress	Bo_bos	grrr
close	safe	kitten	all_gone	spout	mine	lick	wind	potato	pan	stick
dry	air	shed	place	ticket	Wednesday	rug	fridge	lick	puppy	life
fill	scrunch	lick	clear	puppy	grrr	snort	wake	pick	smudge	fasten
finish	all_gone	enough	empty	boing	grrr	safe	Postman_Pats	nana	whoops_a_daisy	enjoy
lose	cut	rub_a_dub_dub	cluckcluckcluckcluckcluck	glugglugglugglugglugglugglugglug	bless	grrr	blup	yet	clumsy	Postman_Pats
open	grrr	shut	oooo	squeak	smudge	Mickey_Mouse	click	stupid	whoops_a_daisy	tomato
roll	lick	pop	loop	tie	tickle	bobos	land	pajamas	fridge	hill
stop	safe	great	grrr	fridge	whoops_a_daisy	shut	away	cluckcluckcluckcluckcluck	night_night	scrunch
turn	around	pass	grrr	pencil	bless	Bo_bos	poo	achoo	page	woofwoofwoof
