break	ow	wonder	smash	double	twelve	mold	hide	dismantle	whale	amaze
change	hay	word	message	lemon	never	tea	Peter_Sam	lettuce	out_of	salt
close	cover	hospital	curtain	eight	shock	many	giant	shut	lid	destroy
destroy	whale	dangerous	ribbon	peg	danger	oh_my_goodness	ink	vanish	swan	aubergine
dry	vanish	lemonade	eight	dangerous	ten	whoops_a_daisy	nine	lemon	tail	pence
fill	spaghetti	ten	nine	Tigger	dangerous	bubble	pence	whale	early	ink
finish	manage	read	chocolate	amaze	straighten	salt	policecar	bad	hay	yet
lose	toast	salt	destroy	behind	paper	shock	v	twist	trouser	locket
melt	wang	town	lemon	wherever	mold	whale	carrot	destroy	dangerous	oh_my_goodness
open	straighten	manage	hold	message	shut	wet	next	lid	danger	others
roll	bread	knife	dangerous	tomato	dry	flower	soup	vanish	swan	drum
stop	maybe	Peter	bottle	mouth	tidy	quiet	err	melt	cross	nose
teach	magic	nasty	press	tickle	Aunty	whip	Tuesday	cover	frighten	pence
turn	whip	round	bring	danger	arrange	shake	hoover	hospital	choochoo	press
