break	coke	beep	disgust	ravel	arrive	umbrella	polish	Lala	tease	cold	otherwise	Pingu
close	beehive	candy	Lala	beat	aeroplane	gallopy	tease	similar	Pingu	heart	Batman	swipe
dry	empty	switch	disgust	straight	snip	night_night	cabinet	anyway	blanket	lemonade	grrr	Toddlers
finish	Peter	umbrella	mind	click	all_gone	tidy	feeble	Pingu	age	red	press	safe
lose	umbrella	coke	Pingu	dirt	guard	twist	jab	enough	tease	worth	ski	dryer
open	speak	ask	peel	spoil	blow	pour	swipe	remind	fight	switch	horrid	station
roll	shelf	blouse	Asda	Teletubbies	vegetable	sheet	garden	gap	arm	discus	chop	Little_Miss_Stubborn
sink	hedgehog	woodpecker	tent	Toddlers	jab	scientist	Mother_Christmas	station	fight	plaster	beer	coke
stop	Jerusalem	beep	switch	wild	Gagi	Granny	Granny_Smith	sticky	last	Cassie	Olwin	sew
teach	fossil	shock	Cassie	sincere	office	chin	plant	dinosaur	fault	dangle	Cyber_dog	Jessica
turn	left	lift	cockerel	crab	Paddington_bear	pad	Shaun	c_d	Little_Miss_Stubborn	castle	guinea	sleeve
