begin	e	b	d	h	Reverend_Timms	deal	each_other	s	snake	litter	chest	Tyrannadon	lightbulb	Pierre	pathetic	Burt	fox
break	realize	fit	important	Grandad	Macdonalds	Reverend_Timms	collapse	satisfy	bubble	rattle	stir	rip	accept	panic	record	gligs	ache
burn	sunshine	Spanner	dryer	nuddy	alien	grub	twist	Corn_Pops	stuff	lawn	towards	celebrate	Comet	cloud	machine	Matthew	soldier
change	Froggie	toilet	stop	send	Mister_Bucket_Head	burp	dummy	Gwendoline	Dymetrodon	tick	butter	ribbon	fox	jammy	lightbulb	fortunate	plaster
close	mask	hospital	wicked	dance	crumble	plaster	pair	sunglass	telescope	welly	shoot	tall	background	peg	joke	Corn_Pops	Paddington
dry	broccoli	sizzle	wish	Burt	Tigger	Cromarty	chalk	Dogger	syrup	Holly	corn	shampoo	cabbage	Buhp	grill	stretch	rather
fill	ingredient	signal	scoop	pond	Matthew	star	MacDonalds	cafe	young	Gazza	smart	Aunty_Meg	shush	destructive	background	nuddy	juggle
finish	tape	satisfy	dalmatian	record	abroad	fool	Reverend_Timms	click	past	upstairs	until	fortunate	listen	switch	wowie	Rebecca	pay
freeze	Spop	hay	reverse	Paris	Gazza	fortunate	Burt	duckpond	Tigger	grill	livery	moo	nuddy	satisfy	accept	dryer	village
kill	clone	Bisto	ugly	goodness	Donner	celebrate	Comet	Dogger	fox	instrument	shush	Jason	lightbulb	Cromarty	Claude	joubly	decision
lose	wreck	bless	stir	promise	whoo	ugh	fool	wait	signal	lead	cuddle	throat	chugchug	Gazza	Spiderman	nasty	piggy
melt	Gazza	Spop	important	Tots_tiny	Burt	smash	alright	Schumacher	Tigger	Tyrannadon	boo	stir	mieow	whoo	wowie	reverse	jammy
open	satisfy	gligs	pour	goalie	worry	flippy	crumble	drop	camera	ask	melt	piece	pay	soldier	spy	fog	listen
raise	shush	Robbie	cock_a_doodle_doo	Zazoo	there_there	James_and_the_Giant_Peach	decision	fortunate	whatchamacallit	Errol	Wrong_Trousers	fox	beddy_byes	chat	Dogger	Tyrannasaurus_rex	pence
roll	Spot	particular	Edward	Reverend_Timms	Burt	twist	Obiwankinobi	pickle	pathetic	sizzle	Chuckie	confuse	beetle	stamp	Tigger	masterpiece	bread
sink	bless	Tots_tiny	whoo	boo	Sir_Hangle	Mickey_Mouse	stir	crash	Robbie	barmy	shush	asleep	whisker	pretty	windmill	mischief	peach
stop	pump	wowie	change	dalmatian	important	hay	fortunate	whee	sew	soldier	ugh	Spop	clay	James_and_the_Giant_Peach	Claude	Mister_Bucket_Head	tomorrow
teach	odd	Glory_glory_man_united	delivery	peach	Countdown	Gligs	Henry	Easter_Egg	fluff	program	Thursday	Summer_Holiday	dunk	shine	Glory_Mischief	type	Cromarty
turn	twist	fan	everyone	Declan	guard	peach	Tigger	crumble	Jordan	slip	fortunate	Eastenders	reverse	Emperor	Obiwankinobi	delivery	decision
