break	sore	suitcase	dirty	fiddle	plug	bad	topping	exact	empty	matter	dangerous	post	twinkle
change	nappie	rolly	rub	accident	cushion	squeak	lens	cook	downstairs	lilo	kiss	Rosie	jacket
close	tie	bouncy	grey	nothing	smell	saw	silver	sore	pretty	heel	John_Hollins	Mister_Crocodile	pita
destroy	arrange	own	stamp	tank	row	Wellington	pound	set	choo	suit	manage	Mister_Crocodile	chin
dry	tray	lilo	enjoy	cushion	thread	BQ	chin	spout	eensie	Mister_Crocodile	yourself	kitten	warm
fill	suit	decorate	Mister_Crocodile	tie	church	destroy	king	tray	top	plastic	ceiling	soil	lilo
finish	rolly	bumble	abbybabby	peach	see_saw_marjorie_daw	tray	draw	shave	lift	sore	squeeze	off	choo
freeze	fridge	sew	until	splotch	spout	Peter	Benjamin	wolf	swish	ceiling	quarter	rein	flush
kill	rat	ship	malt	shave	collie	berry	guitar	twinkle	whale	bye	neenaw	helmet	lay
lose	meat	Northwich	nobody	somebody	Dogger	nod	peach	Buster	lens	tire	lay	shave	travel
open	definite	cockadoodledoo	whee	sore	see_saw_marjorie_daw	yuck	oy	choo	guitar	John_Benjamin	manage	gosh	whoops_a_daisy
roll	mud	brush	fast	temper	suitcase	cousin	honey	Manchester	fiddle	favorite	ceiling	wrench	caravan
spread	starfish	Wellington	safety	tot	free	helmet	gift	tumble	extra	wide	jacket	stamp	peep
stop	until	manage	sore	freeze	whoops_a_daisy	John_Hollins	tray	ugh	lilo	hello	Rosie_Hollins	turn	John_Benjamin
turn	sleeve	heel	stop	count	loop	round	police	peep	keep	lift	tighten	accident	upside
