break	Froggie	stamp	once	hit	Thomas_the_Tank	roll	ease	lettuce	sleeve	smack	leopard
change	nappie	Mother	tuck	pajamas	gallop	rough	pee	pappap	boat	Pooh	elbow
close	life	board	Roo	short	robot	low	complicate	stiff	behind	surprise	dream
destroy	Tiny_Tim	puppet	y	poppy	camera	gallop	swallow	butt	d	bad	christmas
dry	sunshine	sun	rain	wash	weensie	office	present	eensie	clean	spider	Roo
finish	rough	ah	blanket	peep	see_saw_marjorie_daw	Jaffa	tera	Paddington	manage	Bert	Pooh
lose	Morris	Paddington	ornament	finger	ask	taste	worry	jealous	rough	belt	reach
open	number	five	nobody	knock	scarf	parcel	slip	button	robot	whistle	squirrel
roll	difficult	break	bridge	quiet	catch	short	hot	Froggie	stretch	zebra	tall
stop	Woodstock	slip	heck	pappap	see_saw_marjorie_daw	boo	tera	okey_dokey	jealous	ah	mieow
turn	omelette	nana	Harold_the_Helicopter	robot	mint	moose	party	Roo	lick	plum	Ring_of_roses
