boil	stir	Hayley	Lego	strong	Grandad	Andrew	cool	choke	goal	uhhuh	ups_a_daisy	darly	finish	likely	prize
break	lock	gorgeous	tease	joke	smack	b	horrid	peanut	beer	Lily	dangle	Jean	concentrate	Squeaky_weaky	Weetabix
burn	sharp	wriggle	cloth	patience	Na	throat	accustom	yolk	sore	dangerous	dish	gorgeous	Dylan	Animals_Playtime	afraid
change	cereal	dip	Weetabix	folder	blouse	scratch	choke	prize	choc	shoulder	warn	since	Thomas	lipstick	oh_my_goodness
close	scoop	concentrate	strong	Coco_the_Clown	hard	seek	gobbledygook	merry	atechoo	peanut	interrupt	wide	uhhuh	Lily	b
dry	dish	cracker	continue	wrap	towel	jay	Coco_Pops	warm	splash	straight	scoop	Ca	part	wear	concentrate
fill	cousin	full	dramatics	pliers	Rabbit	Weetabix	The	corn	ground	Tale	Animals_Playtime	dip	Peter	cereal	sugar
finish	boil	steam	Hayley	Andrew	mold	Toto	ups_a_daisy	fool	What_makes_me_happy	darly	choke	Ma	latch	uhhuh	hear
lose	tongue	warn	smile	sore	beg	hiccup	Dylan	thunder	ups_a_daisy	mold	Old	sound	MacDonalds	What_makes_me_happy	tease
melt	indicate	service	deal	steam	smell	lock	chest	belt	brumbrum	mitten	What_makes_me_happy	drunk	dangle	rid	cauliflower
open	eleven	shut	Linette	peekaboo	slippery	wide	scoop	ice	latch	uhhuh	belt	prize	cauliflower	door	b
roll	pastry	twist	steam	thin	peanut	dangle	sweet	grey	boulder	Hayley	Satsuma	picnic	voice	cheat	French_Fries
stop	stay	calm	chest	awake	darly	lock	goal	knot	rip	giraffe	mold	hammer	poo	b	behave
teach	Marshall_Hill_Drive	Toddlers	pond	h	Panto	most	Sunny	squadgy	bickie	o	zoo	rarara	Gordon	appear	toddle
turn	dangle	slip	chest	spit	hammer	Thomas	win	splash	peel	uhhuh	brumbrum	cauliflower	Wind_in_the_Willows	prize	nip
