break	straighten	shred	Beauty	aboard	raspberry	sabotage	Harry_hippo	stir	achoo	true	vet	jealous	Uncle	bib
burn	capsize	deliver	aboard	lollipop	shine	relax	Uncle	Noah	Eddie_Elephant	true	e	Beauty	twinkle	sun
change	slave	save	dinosaur	mama	whoo	tweezers	crab	rude	nana	fiddle	tomato	boob	meet	knick
close	thirty	store	rub	wipe	Asda	itch	fact	true	lace	Beauty	Ruth_Mary	helmet	stuff	seesaw
dry	Beauty	aboard	journey	dirty	Amanda	raspberry	sticker	uhuh	Bouncing_Ben	towel	front	wag	e	shred
fill	pop	detail	skip	each	fact	imagine	tomorrow	use	barrel	deliver	Bobby_Shafto	sharpen	bubble	seem
finish	button	deliver	shred	die	Beauty	true	themselves	seesaw	night_night	bum	Ruth_Mary	Bobby_Shafto	knick	Fireman
lose	Beauty	Little_Bo_Peep	brumm	hickory_dickory_dock	coat	among	Postman	neck	night_night	Fireman	ow	sore	shred	relax
open	floor	achoo	straighten	true	band	yoghurt	sweetheart	slide	vet	Peter_rabbit	late	knick	microphone	seesaw
roll	pin	shorts	tie	dangerous	drawbridge	balance	lock	warn	relax	surround	Kissing_Cousins	lollipop	Mister_penguin	lace
sink	calm	lump	Beauty	pour	capsize	Scotland	upside	baa	weensie	gobble	carpet	school	you_all	height
stop	lollipop	ticktock	hickory_dickory_dock	sss	Uncle	calm	conductor	Bouncing_Ben	Little_Miss	ditiduck	plaster	seesaw	Ruth_Mary	Amanda
teach	swing	found	Kissing_Cousins	underpant	tape	salmon	bib	balance	Bouncing_Ben	Uncle	aubergine	knick	sweetheart	commend
turn	spot	conductor	lid	bandage	both	Amanda	Beauty	sweetheart	used	Ruth_Mary	bother	yoghurt	shred	rinse
