begin	start	throughout	jargon	passing	tailback	occur	fe	famine	tel	24	ought	joshua	liberals	dormant	lyndsey	prolong	used	florence	ethiopian	lesley	continue	attendant	dartmoor	sacrament	recent	isolated	britons	touch	repetition	burden	independence	underlying	agent	fog	federal	realistically	fame	sampler	seventeenth	opening	legitimate	link	been	julie	distant	estate	tribunal	confused	quickly	deprived	playgroup	just	os	cliff	closing	unwind	realize	woolf	roy	cholsey	swamp	detriment	gypsy	go	cutoff	ideally	campaign	around	rapidly	sl	stare	aft	may	secretly	confrontation	entitle	rise	fill	react	ambitious	ste	appropriate	judaism	appear	sod	pentecost	seep	wolverhampton	threaten	crush	grasp	warnock	disrupt	truss	dramatically	gut	deirdre	oblige	confess	bonnie
boil	kettle	protein	chlorine	hydrogen	bread	heat	sauce	slice	mississippi	audrey	backspace	sparkle	putting	grease	potato	docker	korma	toast	saucepan	hot	cold	toothpaste	prawn	bun	haggis	grind	cod	tulip	powdered	bo	top	halyard	bacardi	funnel	grill	propane	sore	pare	suck	soluble	transparent	limestone	dip	pilau	quinine	chalk	rinse	suffolk	trim	beer	tenon	technician	anorak	meat	cheese	vinegar	temperature	accelerator	eardrum	lino	drip	fade	copper	soda	slippery	thingie	resent	cup	chloride	pin	smoky	wrapper	plimsoll	cocoa	salad	salt	dredge	skin	glossy	taste	bicarbonate	tablet	bake	abscess	boiling	pan	clot	cockerel	pump	pie	menai	whatsername	soap	aspirin	chilly	printout	pulse	oxygen	water	mash
break	minehead	broken	radioactive	drag	smash	leading	fatty	isotope	costing	throw	transform	mineral	kremlin	uranium	stairs	guilt	bumper	dent	pit	plausible	jaw	dinner	br	trev	greenhouse	proposer	comparatively	nucleus	hinder	spew	eternal	deliberate	rink	gloom	narrow	meself	indirect	philosophical	puncture	queue	prolong	slam	burst	elaborate	stainless	weee	warnock	audible	discontinuous	chelsea	explode	sanction	seconder	close	splendid	bingham	park	conductivity	war	comply	fall	crazy	stop	driveway	lilac	rationalise	river	siege	confront	ke	crash	bramley	halfway	rush	lunch	superb	tot	speculative	follow	barry	hel	concession	ladder	skint	weapon	set	jot	mersey	malpractice	algebra	squash	boiler	split	lens	sketch	pop	minute	agrarian	lob	draught
burn	sulphur	loosen	retardant	hydrocarbon	shrub	dry	polished	tyre	bake	dye	mangle	oxygen	leukaemia	crush	copper	variable	tan	dirt	itchy	dodge	drill	homely	lard	touchy	isolated	flatten	lethal	puff	uncover	putting	monoxide	spike	driveway	rocky	stripe	edgy	bald	tenon	alkali	corrupt	urine	spaghetti	reactive	grating	undergrowth	sampler	retaliate	ferocious	nicky	hamster	wet	reddish	cutlery	dioxide	mite	vinegar	grown	yugoslavia	wheat	wash	acid	et	revolt	catch	fade	dressing	magnesium	clean	insecure	banger	react	plating	hob	nitrate	horticultural	deprived	helpless	hilly	cultivator	diagonal	micky	coal	throat	strawberry	barge	potassium	syria	methane	embarrassment	shaving	wrestle	slippery	congested	fishy	flan	darken	deodorant	lilac	reduce	darn
change	alter	structural	mend	contradiction	dictate	recharge	radical	different	adapt	wartime	noticeable	disease	introduce	intervene	ethiopian	enforcement	personality	review	crease	butch	modification	omit	optimist	admire	licensing	attitude	adaptation	move	altogether	memorize	explode	buckle	recreational	repeat	proximity	explosion	explicit	utility	purity	strengthen	auditing	eastern	concession	inertia	peculiar	rating	improve	consultation	meantime	blush	background	harass	recognize	upheaval	upside	productivity	discrepancy	dramatically	manipulate	guilford	impose	dismantle	save	improvement	diving	exploitation	adopt	formalize	emerge	satisfying	divorce	plausible	accelerate	adjustment	modern	province	stumble	uncertainty	ease	dense	ceremonial	homosexuality	victorian	injustice	publication	learn	flash	cuddle	phi	preservation	enhance	misinterpret	understandable	address	culture	difference	prosperity	ministry	weekday	passing
close	westbound	lane	near	bypass	closely	offside	langford	busy	ashton	cowley	lunchtime	dorchester	smoothly	undergo	wokingham	closer	wide	dow	windscreen	royce	open	vi	mersey	southbound	participate	eastbound	inform	vigorously	attend	fatty	lingard	clements	narrow	insert	debenham	woodbridge	fate	gregory	stretch	bungalow	grubber	waterloo	newbury	driveway	tunbridge	horrified	precise	break	broken	resistant	distract	seminar	pluto	barrier	ormond	gascoigne	separation	greece	strengthen	doorway	grinstead	woolf	bombing	battersea	junction	radius	reservoir	flexitime	a41	endure	twiddle	grange	temple	left	at	100	dim	culham	hampton	dumping	weaken	swell	valley	permanently	repay	betsy	clapham	careful	surgical	littlewoods	thorn	saddam	thame	fast	profession	princess	recruiting	undesirable	clearance	postman
destroy	purify	crucify	obedient	descend	heavenly	pander	gomorrah	profoundly	candlestick	tripartite	testament	verify	unjustly	atonement	awl	fif	corrupt	invade	sabotage	romans	inflict	ruin	prophet	seriousness	casino	righteousness	accept	bowater	revenge	strive	youngish	flog	satisfying	nazareth	overcome	disregard	affair	woh	norwegian	broken	dangerous	louis	man	practicality	repay	maryland	brenda	sinful	kitty	abnormal	obliterate	cassie	sell	exile	menai	kin	aitch	punishment	mismanagement	married	intimidate	cape	righteous	dump	aha	giving	pronounce	undertaker	proclaim	committed	disappoint	licensing	texas	province	interpret	upbringing	jerusalem	heavens	alienate	developed	milford	ascension	mob	mentality	abolish	viking	visa	skip	rig	flaming	gritty	christianity	nature	recreational	git	anglo	cut	sacrifice	gremlin	contest
dry	sunny	sunshine	cloudy	clean	cooked	wash	warm	shrink	hairdryer	mincemeat	westerly	freeze	versatile	dryer	boiling	scaly	baked	bail	pea	ayr	burn	lantern	shower	wit	lard	tis	bean	flan	clear	oddly	skull	lift	mist	outlook	bake	mop	hot	weather	yucky	a43	cloud	herb	brilliantly	runny	everywhere	sealer	tan	kite	meat	hectic	soluble	bacon	washing	shovel	dawn	wrap	brush	globe	fag	pastime	wet	rationing	dull	methylated	jam	soon	fahrenheit	fussy	spell	windy	cold	soil	darn	dusty	sl	gobbin	knitting	cook	fatty	limbo	sock	pick	trouser	milkman	furth	finished	canoe	rinse	sulk	coffee	melting	crust	tito	grease	gleam	nationally	tiring	carrot	leukaemia	celery
fill	rotterdam	bath	temper	lust	send	attendant	duplicate	trough	dissolve	som	check	run	fluff	deliver	twist	broom	meaningful	bulge	shirley	qualify	census	hit	lens	honk	bowling	catchment	rub	putting	heat	marathon	write	prop	rhythm	grasp	dip	rash	yank	flatten	plunge	corrupt	fiddle	tonic	drill	pin	mango	flight	lothian	prejudge	concrete	react	certify	stitch	finish	correction	flicker	analyze	underlying	inland	clerks	typing	mmm	waltz	sieve	print	flare	install	bandage	lordships	buffet	slap	bring	touch	flush	soap	spread	paraffin	catch	search	loosen	photocopy	informer	seller	pull	sludge	courtyard	fatty	practice	vacuum	wrapping	yer	waiting	confirmation	soak	adrenaline	wrap	ice	oddly	cube	apologise	maximise
finish	start	bother	wash	lyne	tulip	knackered	noon	sulk	leave	retire	barge	complete	dinner	knackere	rog	gloria	bacardi	forget	terrify	obsess	gym	finalize	wake	finished	alkali	pentecost	watery	terminate	impressive	dredge	midnight	lee	commence	ramble	downstairs	pentate	companies	duff	elapse	conversation	rationalize	harvest	alter	austin	upwind	misty	jazz	comma	headrail	gem	tablet	slam	shag	cancel	okey	click	anorexia	probable	menai	penicillin	sandy	welwyn	scrub	lapse	reconvene	soluble	tel	r.	instantaneous	prep	devote	aspirin	haircut	psychology	bon	claustrophobic	essay	boil	concur	off	digging	sociability	teatime	hoc	archaeologist	discontinuous	baking	now	fill	jerry	turbine	staffordshire	suspension	hydroelectric	hydrogen	bored	adrenaline	morning	throttle	nonnie
freeze	dry	wet	knackered	hempstead	soar	hysterical	boiler	surgical	tesco	encroach	hemel	trap	retardant	ahhhh	mist	poach	blow	wheelbarrow	frog	holster	whisper	romana	stumble	lift	dirt	bomber	pier	preston	gale	avoid	worse	bed	ladies	brave	childish	burglary	sabotage	hampton	knackere	pooe	grown	uniform	dob	pluck	stephanie	horn	secure	mop	splash	toothpaste	rinse	needs	darken	genuinely	scramble	shut	clothing	hopcroft	mutter	hurt	arsed	turkey	hurricane	stare	kathleen	ruin	bail	torch	bangle	alight	sleep	jewitt	unjust	gentlemen	shovel	ninepence	atrocious	grim	frederick	wit	flatten	redevelop	gon	phone	winnie	crab	renovate	savings	camp	bowl	sore	lob	dusty	cold	retrieve	coupon	choke	birmingham	tal	everytime
gather	mario	fantasy	understand	cough	acting	assemble	meringue	imperialism	steak	breeder	aware	tangle	duckling	exec	galley	baptize	warrior	swoop	prompt	fudge	puff	wildly	facilitator	yobbo	tally	carmen	undergrowth	sentimental	consortium	asian	rearrange	chrome	spicy	pep	immaculate	faster	mangle	trussing	playback	plane	sure	evidently	pool	transaction	reality	windsor	smoker	pneumonia	kinetic	crop	boobs	tortoise	crow	chewy	symbolism	andre	superintendent	sainsburys	kat	ste	wonder	steam	summarize	denigrate	clarke	plot	conductivity	information	dunstable	flee	keeping	rats	dale	tendon	typing	sun	tan	horrid	crumb	bap	matrix	terrified	dominant	sp	brain	scatter	marc	alive	cocky	promise	canadian	monie	dermavate	powerful	ludlow	alkali	follower	eat	violet	mogadishou
kill	die	dead	lashley	seamus	joyrider	harm	married	tybaot	unjustly	socialist	mob	pig	dedicate	rebel	occupy	spaceman	pit	smash	pillock	injure	youngish	saboteur	excited	flog	crush	righteous	threaten	commit	incense	revenge	dumb	intimidate	crash	pellet	shoot	bastard	burzoi	nuisance	swoop	dissatisfied	grievous	reckon	catch	mitterand	24	headrail	lose	toothpaste	torment	evergreen	bomb	penzance	pluck	tell	rape	dangle	disillusioned	arrest	holland	supervise	ignorant	waltz	skinny	butler	ram	jerk	after	nicky	barmy	romeo	stab	stromness	dumping	dispatch	deter	austin	waco	shrimpy	flirt	strike	asian	ill	mucky	tanker	whingee	live	joy	sheep	jake	undercover	environmentally	strop	fight	inmate	retaliate	kuwait	horrible	profoundly	husband	bro
lose	win	pooe	jasmine	dwindle	disappear	lately	bankrupt	pregnant	bede	asthana	sadie	byfleet	precious	loyalty	get	cholsey	impinge	bryant	sneaky	numb	gain	remarry	loss	confused	edie	peep	ev	trim	nearer	excel	kill	tara	beard	chop	rain	boyfriend	rai	vowel	cry	spend	pull	puppy	mutual	logger	clitoris	worried	eas	irrelevant	handbag	guess	carlisle	imperfect	genoa	fatty	sew	forget	grab	privatise	float	scribe	path	unemployment	noticeable	momentum	belonging	fatal	joyrider	chase	retaliate	nip	subsidiary	knit	dimensional	dada	moan	caring	frog	invade	bald	fluctuate	eyed	fantastic	find	plumb	wellingborough	defend	holland	poland	thamesdown	heavenly	cigarette	nah	buckingham	uniformity	upset	confront	polo	smoke	battle	doorstep
melt	hob	grub	pipeline	aisle	prudent	darken	plonk	blister	cook	casserole	immersion	chugga	lay	protein	fry	soprano	sulphate	gravitational	alternator	fade	furnace	ethanol	milford	versatile	heat	snow	jerk	boiling	cloth	napalm	delia	tweezer	obstacle	metal	divine	sauce	barley	vodka	smoky	vinegar	mango	soggy	wallpaper	reset	thread	spilt	flop	disconnect	knackere	purify	cup	rinse	wire	unconscious	eat	tonic	dish	sulphuric	pot	ignition	dip	blend	devote	efficiently	cho	incursion	mash	courtyard	grubber	catchment	meths	detector	clef	egg	pate	fuse	loosen	dependency	biological	fridge	cap	condense	put	caster	bake	shovel	wash	washable	toboggan	dig	delete	unjust	gearoid	grease	ductile	slowly	slit	minicassette	statesman	semantic
open	retardant	window	unlock	gesture	clean	enquiry	closed	opener	wrestling	manageress	burst	relaunche	door	natal	mount	classroom	busy	lock	reopen	mondays	criticize	fit	developer	build	negotiation	instruction	close	limbo	palm	opt	countryside	ledge	paw	skelton	packing	herald	lyon	janie	attic	sunny	tertiary	chateau	euphoria	carve	detached	gate	easter	retain	millionaire	amsterdam	driveway	glazed	ethiopian	frontage	office	outside	consider	corporation	lyn	burzoi	worn	creamy	pentecost	alcoholic	dartford	socialism	encyclopedia	whitchurch	known	mae	pollute	ahh	ar	breaker	air	nicky	prayer	crisis	organised	remain	lamp	tuesdays	taxpayer	stable	vi	misinterpret	elevator	connie	inner	speaking	grinstead	arab	speculative	chisel	dawn	relocate	interruption	ugly	hack	balloon
raise	scanner	tranquillizer	preference	imply	pursue	briefly	reserve	latch	highness	acquisition	accumulate	accountancy	scrape	constituent	mr	raising	numerous	emphasise	fund	conduct	rudder	chairman	exacerbate	confirm	discuss	exceedingly	repay	speaker	reservation	griffiths	sponsorship	reinforce	oxfam	er	plumb	supplementary	precede	philosophical	diff	debate	specific	concern	ordnance	generate	mak	antonio	disagree	cover	support	noble	donate	subscription	exemption	comment	sadness	rotary	pick	talking	reproduce	agree	appeal	mention	controller	sensitive	borrow	irrelevant	bring	doctors	amenity	visa	seize	devolve	forum	aim	batch	pea	resemble	leverage	ask	cynthia	membership	biffa	simply	exceed	highlight	illicitly	charitable	verify	asthma	williamson	favourable	touch	medium	valid	request	alexander	tipping	donson	convey	adjourn
roll	onion	syrup	pan	fluff	omelette	parrot	dishwasher	stones	crate	stave	grease	halyard	mainsheet	hairstyle	shaving	beige	clown	royce	burger	turd	pershing	cooler	wallpaper	loosen	chestnut	easier	tub	pound	ste	jump	curl	ruddy	tangle	window	grin	zoom	wrapping	dinghy	gerrard	exhaust	puddle	tissue	cabin	backspace	eardrum	tonsil	duvet	daff	turning	cab	eight	slag	fluffy	gamble	chrome	shave	whisky	moist	dickens	clerks	immac	thermal	shop	downstairs	frill	windy	fucking	greaseproof	icing	scoff	hair	peel	wool	soup	german	kendal	edge	stottie	swede	flour	lantern	thingy	fishy	fur	lark	windsor	safeway	fairy	clamber	giant	airy	cloakroom	spout	betnovate	hood	slippery	fig	leith	coble	pad
sink	mersey	bathroom	aisle	bucket	ship	waterway	seep	tulip	river	shower	brace	hob	chute	acetic	cavity	yucatan	perch	peep	kenton	horsham	beware	cooker	dartford	meadow	throat	plantation	autumn	regulatory	creep	tab	stove	pump	landing	just	rub	suspension	woof	cheese	barn	bo	pipe	clamber	shoe	calf	operating	semitone	sideways	unblock	hallway	wallop	magnesium	dam	dredge	lanka	sealer	chipping	heat	gob	weary	ringer	brew	cupboard	kitchen	jam	captivity	sewer	tonsil	mildly	misery	phantom	loco	squirt	curtain	comfort	sludge	richmond	infirmary	hubby	colliery	bath	jot	israel	pile	refill	undergrowth	towel	dormant	embargo	tenon	lotion	tank	precinct	soda	fridge	flock	tumbler	driveage	philadelphia	rainbow	conway
spread	patch	recycled	waterway	wella	muck	evenly	tropical	lothian	victoria	blanket	cord	tweezer	forest	carrier	water	granite	dissimilar	work	fryer	lug	minstrel	buzz	woodland	hard	undergrowth	picket	adapt	gloss	proximity	fro	visually	hydrant	puddle	straighten	soft	leap	storage	bout	geographical	rash	hillside	sewerage	a43	paraffin	fill	mainland	trickle	raincoat	curly	dormant	side	frosty	amnesty	harsh	flan	outwards	thrill	across	protractor	search	widely	promenade	thread	flare	backlog	carve	embankment	gauge	digging	and	pershing	aids	grasp	express	reputation	applause	blame	throne	tailback	complacent	tissue	field	wholesaler	rubble	exacerbate	elastic	stare	quay	newbury	bid	twofold	stripe	etcetera	hedgerow	dredge	rust	morbid	adjoin	flooding	inertia
stop	whine	yak	cross	pause	start	meself	chugga	overtake	israeli	iraqi	dob	smoothly	saboteur	petal	yell	stairs	flaming	shingle	scouts	quietly	damp	marc	clerks	contaminate	marathon	sigh	bored	flooding	angry	safely	daggerboard	explode	cape	sideways	realise	cheryl	flog	joyriding	hound	willingly	hel	steady	hence	propaganda	beware	jurisdiction	deter	resist	rooftop	minehead	retardant	alternator	running	flatten	fume	unless	tank	safe	napalm	groan	beckett	sulk	break	fadge	throw	injunction	shout	cherub	scarper	depression	keep	ashton	mold	appal	dusty	faster	apart	rust	shut	hood	stand	spew	dada	awake	wan	muck	urgent	brr	flip	groove	forewarn	incense	vienna	anywhere	noisy	grandad	billion	yup	ahhhh	static
teach	teacher	learn	grammar	descend	disruptive	anoint	_	teaching	specialism	school	immature	touchy	discriminate	morally	distinguish	cope	chum	teenager	morality	religion	gendarme	exploit	compute	=	sex	sarcastic	snigger	orgasm	christian	language	heavenly	unnatural	insane	alienate	discipline	primary	unfriendly	tutor	behavioural	college	rackhams	react	righteousness	mercy	whisper	operate	apply	derogatory	science	chi	talk	overweight	musical	differ	applicable	university	workman	forgive	pupil	dissatisfied	forgiving	chemistry	nazareth	achieve	crossword	imperialism	considerate	admiration	baptize	sexy	homework	truthfully	improve	clumsy	ignorance	daughter	au	marvellous	mode	scho	child	education	newman	differentiate	forgiveness	punish	scare	elementary	denigrate	benolin	ability	lively	eclipse	contraception	nutrition	handout	moralistic	misinterpret	ec	motivation
turn	switch	pull	prostitution	piss	zoom	skive	morale	hers	ram	move	pillow	calliper	gem	mangle	steer	ignite	corner	manually	churn	nod	tap	leap	strangle	windowsill	come	alternator	immersion	go	legitimately	doze	swerve	15	trawler	cecil	omega	naval	blow	spruce	careless	whoosh	pass	shutter	deputy	resent	highly	barrel	hump	kinetic	dynamo	blade	reach	reservoir	mineral	seventeen	presume	cheerio	replay	blast	hand	goi	push	shut	non-	pissed	signal	grange	safely	boat	playground	split	van	maximise	cheer	lead	tighten	bent	wart	dartford	emerge	lyne	adhere	aft	northway	election	toothache	straighten	kick	grab	boar	abandon	bethnal	puke	katrina	jump	snap	intervene	sulk	fall	counterpart	uphold
