card	donkey	bubble	inline	pocket	vegetable	floor	animal
me	mum	able	try	bother	us	penguin	manage
clock	edge	somewhere	coat	bank	pen	snow	guard
great	hole	hook	silver	scissors	red	row	wolf
chip	duck	sugar	Judy	fence	banana	baby	Punch
must	pirate	surprise	interest	party	probable	young	peck
fix	bash	crash	careful	wrap	Newcastle	bed	Bella
ready	careful	marry	suitcase	fly	Edinburgh	foot	tire
doll	her	Nicola	near	night	dinner	holiday	Humpty_Dumpty
baby	silver	fence	duck	wall	trouser	wiggle	lot
