Thomas	screw	type	trouser	bulb	cook	wall	which
tail	spirit	saw	bottom	shirt	knee	passenger	ear
only	biscuit	bring	sink	although	late	keep	frolick
shire	caravan	robot	dinosaur	ear	sizzle	sheepdog	piggy
house	nursery	open	wheel	fall	pretend	week	Christmas
up	lose	nothing	over	Fireman_Sam	though	wet	hungry
person	best	bash	normal	bring	ask	throw	potato
before	wash	lift	horse	sit	time	Aunty_Meg	hammer
open	nursery	week	house	dip	tell	wheel	everywhere
fit	hurt	remember	read	probable	rip	sweet	hear
