Grandma	cement	banana	shed	cupboard	salmon	doughnut	helmet
garden	middle	background	moment	shed	trailer	tomato	water
dress	sky	couple	blow	boat	as	ladder	field
tiger	chick	water	hose	front	end	moment	left
a	noise	fester	pattern	fat	absolute	hang	horse
happen	word	color	listen	porter	amaze	absolute	matter
wood	rush	middle	angel	helicopter	hole	garden	onion
anything	something	cup	milk	couple	Grandma	doughnut	pick
small	either	field	bad	slide	noise	light	joke
hard	inside	pear	upside	certain	touch	don't	perfect
