break	freeze	lunch	myself	grey	bare	apart	rain
change	tooth	pea	mix	oven	special	shoe	doesn't
dry	chocolate	Mr_Hippo	feed	puppy	ours	open	into
finish	cook	ribbon	leave	miss	paper	join	watch
freeze	cold	break	rub	foot	roll	grey	summer
lose	invite	miss	usual	shoe	their	spill	bucket
open	wave	flush	elephant	ambulance	tip	Mr_Hippo	television
roll	fuss	squeeze	dot	muck	freeze	bake	four
sink	Pass_the_parcel	bag	sandwich	fridge	road	seat	middle
stop	easter	idea	enough	night	kiss	such	stone
turn	rabbit	shop	snooze	pretend	err	favorite	manger
