break	calm	fall	grand	decide	space	transport	I've
change	dinner	everybody	anymore	holiday	Bella	Gumdrop	window
close	head	knickers	bow	eye	Bowler	tie	own
dry	rescue	kind	holiday	eye	nanny	gear	suitcase
finish	eye	manage	party	yourself	um	least	after
freeze	offer	meet	cost	school	expect	wave	Punch
lose	cymbal	dragon	hook	duck	white	none	find
open	tail	window	jump	bash	grit	ladder	anyway
stop	clever	entrance	relief	school	engine	Newcastle	old
turn	wrap	perhaps	ease	card	let	vegetable	without
