break	feed	throw	juice	count	bottle	beer	drop
burn	wet	beer	grotty	far	able	daddy	upside
change	fetch	spice	hold	willn't	wear	boot	best
close	stair	shut	river	side	kitchen	ship	dare
dry	much	top	proper	garden	man	frock	out_of
finish	both	share	bet	tape	talk	move	wear
lose	long	croissant	miss	warn	try	though	four
open	tidy	wait	fool	move	queue	quick	umbrella
roll	balance	shoot	work	sort	thread	four	real
stop	bother	Melanie	travel	stand	ma	home	downstairs
turn	drop	yum	cupboard	fetch	garden	share	change
