break	picnic	food	throw	from	give	eat	something	turn	finish	try
change	rest	bin	either	sandwich	five	what	piano	holiday	great	fun
close	her	Roger	gate	I	light	off	in	out	bread	here
dry	whose	still	for	sure	stand	all	field	dress	sit	back
finish	lots_of	these	food	floor	picnic	another	story	break	or	cup
lose	under	too	dress	buy	how	hide	train	stand	my	king
open	so	boot	story	wrap	animal	clothes	down	first	chair	my
roll	hiccup	sleigh	sing	happy	rail	pot	yourself	Roger	ball	wear
sink	perhaps	giraffe	dinner	live	tea	good	chair	any	out_of	somewhere
spread	wide	grab	she's	coke	yawn	kitten	twinkle	carriage	pair	fair
stop	cow	top	shop	must	off	here	with	mum	come	bang
teach	wibblewobble	Early_Learning_Centre	pickle	Emily	wow	notstots	wing	check	whoopsie	belly
turn	picnic	throw	fall	make	from	break	pot	hide	two	say
